source_row,unnamed_01,自己MD01,自己Q12,unnamed_04,unnamed_05,unnamed_06,unnamed_07,unnamed_08,unnamed_09,unnamed_10,unnamed_11,unnamed_12,unnamed_13,unnamed_14,unnamed_15,unnamed_16,unnamed_17,unnamed_18,unnamed_19,unnamed_20,unnamed_21,unnamed_22,unnamed_23,unnamed_24,unnamed_25,unnamed_26,unnamed_27,unnamed_28,unnamed_29,unnamed_30,unnamed_31,unnamed_32,unnamed_33,unnamed_34,unnamed_35,unnamed_36,unnamed_37
2,"启动：
1.启动时间
2.电压
3.电流
4.适合启动排量",【高性能汽车启动】便携式汽车启动电源，随着4000A启动电流可以3秒内启动汽车。汽车电池跨接起动机电池组也可以立即重新启动12V车辆（特别适用于高达10.0L汽油/8.0L柴油），,【高性能，15次启动】Q12便携式启动电池组带有最大启动电流高达3500A以及大容量电池，可安全可靠地在三秒内重启12V车辆（8.0升汽油/7.0升柴油），最高可达到15次启动，充电循环可高达1000多次，甚至可以在-4~140℉的温度下工作。这款汽车启动电池组可待机25个月。,"➤【 HIGH-PERFORMANCE CAR JUMP STARTER 】Powerful and safe. With boosted 3000A cranking current, the car battery jump starter battery pack can instantly restart your 12V vehicles (specially for up to 9.0L gas/8.0L diesel) even at -4~140℉, support more than 1000+ recharge cycles. This jump box for car battery standby for about 24 months, always ready to help.",➤【高性能汽车跳跃启动器】功能强大且安全。随着3000A启动电流的增加，即使在-4~140℉的温度下，汽车电池跨接起动机电池组也可以立即重新启动12V车辆（特别适用于高达9.0L汽油/8.0L柴油），支持1000多次充电循环。这款跳线盒可供汽车电池待机约24个月，随时准备提供帮助。,"UNMATCHED STARTUP PERFORMANCE：The X7 jump starter has a peak starting current of 4250A and a large battery capacity, especially professional for heavy-duty vehicles like trucks boats. The X7 battery starter is able to start all 12V vehicles (10L Gas/10L Diesel engines) up to 70 times at once. Additionally, our X7 battery jump starter is equipped with BOOST FUNCTION for TOTALLY DEAD BATTERY.",无与伦比的启动性能：X7跳跃式起动机的峰值启动电流为4250A，电池容量大，尤其适用于卡车、船只等重型车辆。X7蓄电池启动器能够一次启动所有12V车辆（10L汽油/10L柴油发动机）多达70次。此外，我们的X7电池跨接起动机配备了BOOST功能，用于完全耗尽电池。,"【ONE CHARGE, 70 STARTS】 With a peak starting current up to 4000A and a large battery capacity, the Q11 jump starter with air compressor is especially suitable for trucks, ships and other heavy vehicles. The Q11 car battery jump starter is capable of starting all 12V vehicles (10L gasoline/8.0L diesel engines) up to 70 times. In addition, our Q11 jump starter battery pack is equipped with a start function for completely dead batteries.",【一次充电，70次启动】Q11带空气压缩机的跳跃式起动机峰值启动电流高达4000A，电池容量大，特别适用于卡车、船舶和其他重型车辆。Q11汽车蓄电池跨接起动机能够启动所有12伏车辆（10升汽油/8.0升柴油发动机）多达70次。此外，我们的Q11跳跃式起动机电池组配备了完全失效电池的启动功能。,1600 Peak Amp Jump Starter can help start vehicles up to V8,1600峰值安培跨接起动机可帮助启动V8及以下的车辆,"➤【High performance,Quick Start】With boosted 5000A peak current and reinforced smart clamps,M03 battery pack can reliably start 12V batteries easily and safely in seconds(up to All gas/10.0L diesel) even at -4~140℉.It's universally compatible with cars, trucks, motorcycles, lawnmowers, SUVs, snowmobiles, boats, etc. Never anxiously wait hours for roadside assistance again.",➤【高性能，快速启动】M03电池组具有增强的5000A峰值电流和增强的智能卡箍，即使在-4~140℉的温度下，也能在几秒钟内轻松安全地启动12V电池（高达全汽油/10.0L柴油）。它与汽车、卡车、摩托车、割草机、SUV、雪地车、船只等普遍兼容。再也不用焦急地等待数小时的路边救援了。,"【More Than A Jump Starter】The X1 jump starter is derived from the upgraded design of 2024 which will lead the market trend in the future. This battery jump starter integrates six functions such as car emergency start, tire inflator, lighting, SOS warning, charging for mobile devices, and starting 12V vehicle-mounted devices.",【不止是一个跳跃式起动器】X1跳跃式起动器源自2024年的升级设计，将引领未来的市场趋势。这款电池跳跃式起动机集成了汽车紧急启动、轮胎充气机、照明、SOS警告、移动设备充电和启动12V车载设备等六项功能。,Delivers serious jump-starting power with 1000 peak amps and 500 instant starting amps,提供1000峰值电流和500瞬时启动电流的强大跨接启动功率,"🚗【1500A Starting Power & 1000 Battery Cycles Life】The Lokithor portable jump starter with super starting current 1500A can re-start your died car in a 1-3 seconds and up to 30 staring times for normal use. Fit for gasoline engines under 7L & diesel engines under 4.5L. Besides, this very low standby power 0.21mAh, makes an ultra long standby times up to 720 days.JA300 applies latest premium-quality cell chips, has a large capacity 45Wh, gives our starter more than 1000 cycle life.",🚗【1500A启动功率和1000次电池循环寿命】具有1500A超级启动电流的Lokithor便携式跳跃式启动器可以在1-3秒内重新启动您的报废汽车，正常使用最多可启动30次。适用于7升以下的汽油发动机和4.5升以下的柴油发动机。此外，这种非常低的待机功率0.21mAh，使超长待机时间长达720天。JA300采用了最新的优质电池芯片，具有45Wh的大容量，使我们的起动机的循环寿命超过1000次。,"✅【2500A Jump Starter with Air Compressor】HPBS H2500 portable jump starter battery pack with 2500A peak. This jump pack Can easily jump-start (up to 8L gas or 6.5L diesel) 12v vehicles in 1-2 seconds. up to 35 times on a full charger.Which provides fast and proper inflation to various tires, balls, etc.",✅【2500A带空气压缩机的跳变起动器】HPBS H2500便携式跳变起动器电池组，峰值2500A。此跳跃包可在1-2秒内轻松启动（最高8升汽油或6.5升柴油）12伏车辆。在充满电的情况下最多可充电35次。它为各种轮胎、球等提供快速而适当的充气。,【5 in 1 Feature】 Multifunctional car battery jump starter.Jump starter、Power bank 、Inflation pump、LED lighting、Tire pressure monitoring.Comprehensive car service provided for you.,【五合一功能】多功能汽车电池跳电起动器。起动机、充电宝、充气泵、LED照明、胎压监测。为您提供全面的汽车服务。,"【4000A Powerful Jump Starter】With 4000A peak current and reinforced smart clamps, Q10 jump starter can reliably start 12V batteries easily and safely in 1-3 seconds.It can jump vehicles up to 10.0L Gas/ 8.0L Diesel engines, especially suitable for large capacity vehicles like trucks, boats, pickups, also supports motorcycles, speedboats, yachts, touring cars, lawnmowers, RV, SUV, off-roader, sedans, jet ski and more. Fully charged provides up to 60 jumps.",【4000A强大的跨接起动器】Q10跨接起动器采用4000A峰值电流和强化智能卡箍，可在1-3秒内轻松安全地可靠启动12V电池。它可以为车辆提供高达10.0升汽油/8.0升柴油发动机的动力，特别适用于卡车、船只、皮卡等大容量车辆，还支持摩托车、快艇、游艇、房车、SUV、越野车、轿车、喷气式滑雪板等。充满电可提供多达60次跳跃。,"With 4500A peak current and reinforced smart clamps, BM600 battery booster can reliably start all 12V dead batteries easily and safely in 1-3 seconds. On a single full charge works up to 50 times to jump start cars, motorcycles, trucks, boats and more, especially heavy-duty ones (up to All Gas/8.0L Diesel engines), even in extreme temperatures -20℃~60℃.",BM600电池升压器具有4500毫安的峰值电流和加固的智能夹具，可以在1-3秒内轻松安全地启动所有12伏无电电池。一次充满电最多可启动50次汽车、摩托车、卡车、船只等，尤其是重型汽车（高达全天然气/8.0L柴油发动机），即使在-20℃~60℃的极端温度下也是如此。,"【3 IN 1, More Than A Jump Starter】The UIBI X5 car jump starter battery pack with air compressor, offering a portable solution for jump start your car, tire inflation, and providing versatile lighting with normal, strobe, and SOS modes. It also functions as a power bank, featuring a 16,000mAh capacity and supporting 15W (5W/3A) USB-C input, as well as up to 18W (5V/9V/12V) USB-A output for charging your USB devices. Ideal for long-distance driving and camping.",【3合1，不止是一个跳跃式启动器】UIBI X5汽车跳跃式启动器电池组带空气压缩机，为汽车的跳跃式启动、轮胎充气提供便携式解决方案，并提供具有正常、频闪和SOS模式的多功能照明。它还可以用作充电宝，容量为16000mAh，支持15W（5W/3A）USB-C输入，以及高达18W（5V/9V/12V）USB-a输出，用于为USB设备充电。非常适合长途驾驶和露营。,"8-IN-1 JUMP STARTER: Not only is it a car jump starter, it can also be used as a pump, portable battery pack, emergency LED light with 3 modes (flashlight, SOS, strobe) and power bank to charge mobile phones, tablets and other USB devices. hard press power button 3 seconds to turn on.",八合一跳跃启动器：它不仅是一款汽车跳跃启动器，还可以用作泵、便携式电池组、3种模式的应急LED灯（手电筒、SOS、闪光灯）和充电宝，为手机、平板电脑和其他USB设备充电。硬按电源按钮3秒钟即可打开。,"POWERFUL HIGH-CAPACITY JUMP STARTER - The NP2 car battery jump starter features a peak current of 3000A and an enhanced intelligent clamp, allowing it to reliably start 12V vehicles (all gasoline/8.0L diesel engines) in seconds, even in temperatures ranging from -20掳C to 60掳C. This jump starter battery pack can start a vehicle up to 40 times on a single charge. It's robust, portable, and perfect for on-the-go use.",强大的大容量跳跃式起动机-NP2汽车电池跳跃式起动机具有3000A的峰值电流和增强的智能卡箍，使其能够在几秒钟内可靠地启动12V车辆（所有汽油/8.0L柴油发动机），即使在-20摄氏度到60摄氏度的温度范围内也是如此。这种跳跃式起动机电池组一次充电最多可以启动车辆40次。它坚固、便携，非常适合在旅途中使用。,"[ 3-IN-1 UPGRADED CAR EMERGENCY KIT ] This multifunction kit features a 4000A car battery jump starter, a 150PSI portable air compressor, and a 20000mAh power bank. Equipped with advanced 40X-Rate batteries, it boasts 2X faster inflation and 3.5X starting power compared to standard models, with a prolonged lifespan of up to ten years.",【三合一升级汽车应急套件】这款多功能套件包括一个4000A汽车电池跨接起动器、一个150PSI便携式空气压缩机和一个20000mAh充电宝。它配备了先进的40X倍率电池，与标准型号相比，充气速度快了两倍，启动功率高达3.5倍，使用寿命长达十年。,"Digital Car Jump Starter with Air Compressor - The Scatach Q12 jump starter battery pack has a built-in large lcd digital display. Compared with other simple jump starter, we added the smart inflation function for Q12, when your car, bike, ball or other inflatable equipment needs to be inflated, preset the required value (psi, bar, kpa), when it finishes this value, it will be turned off automatically. Q12 air compressor will inflate a normal car tire up to 40 psi in about 3 minutes.",带空气压缩机的数字汽车起动装置-Scatach Q12起动装置电池组内置大型液晶数字显示屏。与其他简单的起动机相比，我们为Q12添加了智能充气功能，当你的汽车、自行车、球或其他充气设备需要充气时，预设所需的值（psi、bar、kpa），当它完成该值时，它将自动关闭。Q12空气压缩机将在大约3分钟内为普通汽车轮胎充气至40磅/平方英寸。
3,"1.兼容设备
2.电容
4.启动次数","它与汽车、卡车、摩托车、割草机、SUV、雪地车、船只等普遍兼容。它拥有12000mAh电容，启动器车辆多达20次,充满后可以待机大约25个月",,,,,,,,,,,,,,,,,,,,,,,,,,,,,,,,,,,
4,"充气
胎压监测
充气时间
气流量
气压
充满自停
气压单位
充气模式
充气次数","【快速轮胎充气】启动和充气一体机，独特的涡轮增压17500 rpmmin 可以在10秒内给轮胎充满气（33-36psi），最高有150psi气压力，可以给SUV等大型车辆充气。它具体充满自停功能（支持5中模式：汽车/摩托车/自行车/球类/手动。支持4种气压单位：PSI, BAR, KPA, Kg/cm²可以释放双手和避免过充。多充气次数：汽车20次（33-36psi)摩托车30次（55-60psi)自行车50次（33-36psi）球类100次（5-8psi).它还具有实时胎压监测。",【150PSI带LCD显示屏的智能数字无线轮胎充气机】带气泵的便携式汽车电池充电器起跳机支持智能预设和自动关闭，无需重复调整和检查，提供最大压力150PSI和最大气流19L/min。此外，它具有方便的压力监测，并且有2哥可选的单元切换（BAR/PSI）。包含三种重启方式，分别是轮胎、自行车、球类。,"➤【 SMART CORDLESS INFLATOR WITH LCD SCREEN 】 Smart preset & auto shut-off without repeated adjustment and check. With unique turbocharged 35L/Min (150 PSI) lasting 25 minutes. The portable car jump starter with air compressor quickly inflates a car tire to 20 PSI in just 2 minutes, 3 different nozzles for inflating cars, bikes, balls, etc. Large LCD display to read real-time data, 3 optional unit switching and detachable extended air hose for ease of use",➤【带液晶屏幕的智能无芯充气器】智能预设和自动关闭，无需重复调整和检查。独特的涡轮增压35升/分钟（150磅/平方英寸），持续25分钟。带有空气压缩机的便携式汽车起动机在短短2分钟内将汽车轮胎快速充气至20 PSI，3个不同的喷嘴用于为汽车、自行车、球等充气。可读取实时数据的大型LCD显示屏，3个可选单元切换和可拆卸的延长空气软管，使用方便,"INTELLIGENT DIGITAL TIRE INFLATOR：The X7 car jump starter is equipped with a 5.1-inch smart screen and tire pressure detection function to make your operation more convenient. Not only that, our X7 jump starter with air compressor can adjust the inflation mode at any time during the pumping process. The jumper starter battery pack supports 3 optional units (PSI, BAR, KPA). A 160PSI air compressor takes about 2 minutes to inflate a typical car tire to 20 PSI.",智能数字轮胎充气器：X7汽车跳跃式起动机配备5.1英寸智能屏幕和胎压检测功能，使您的操作更加方便。不仅如此，我们的X7带空气压缩机的跳跃式起动机可以在泵送过程中随时调整充气模式。跳线启动器电池组支持3个可选单元（PSI、BAR、KPA）。160PSI的空气压缩机将典型的汽车轮胎充气到20PSI大约需要2分钟。,"【SMART DIGITAL TIRE INFLATOR】 Q11 jump starter battery pack with air compressor is equipped with a 5.1-inch smart screen and tire pressure detection function to make your operation more convenient. Not only that, the Q11 car jump starter can adjust the inflation mode at any time during the pumping process. The jump starter battery pack supports 4 optional units (PSI, BAR, KPA, Kg/cm2). A 150PSI air compressor takes approximately 2 minutes to inflate an average car tire to 30PSI.",【智能数字轮胎充气器】Q11带空气压缩机的跳跃式起动机电池组配有5.1英寸智能屏幕和胎压检测功能，使您的操作更加方便。不仅如此，Q11汽车跳跃启动器可以在泵送过程中随时调整充气模式。跨接起动机电池组支持4个可选单元（PSI、BAR、KPA、Kg/cm2）。一台150PSI的空气压缩机大约需要2分钟才能将一个普通的汽车轮胎充气到30PSI。,120 PSI Digital air compressor with AUTOSTOP and a Sure Fit nozzle,120 PSI数字空气压缩机，带AUTOSTOP和一个Sure Fit喷嘴,"➤【Car power pack】This powerful battery starter is also a portable car power pack.Integrated 4 thinner, high-capacity battery packs,designed with 2 USB outputs and a type-c input/output, you can fully charge your cellphones, tablets, and other mobile devices at the same time as a supplement in emergency situations. We suggest to charge the jumper by 5V/2A adapter or above.",➤【汽车充电宝】这款功能强大的电池启动器也是一款便携式汽车充电宝。集成了4个更薄的大容量电池组，设计有2个USB输出和一个type-c输入/输出，您可以在紧急情况下为手机、平板电脑和其他移动设备充满电。我们建议使用5V/2A或以上的适配器为跳线充电。,"【Powerful Start-Up Performance】The X1 car jump box equipped with a 2500A Peak current and can instantly start 12V vehicles (8.5L Gas/6.0L Diesel engines). Even in extreme temperatures, this car battery jump starter can start the car up to 50 times and has a service life of more than 1000+ recharge cycles.",【强大的启动性能】X1汽车跳电箱配备2500A峰值电流，可立即启动12V车辆（8.5L汽油/6.0L柴油发动机）。即使在极端温度下，这款汽车电池跳电启动器也可以启动汽车多达50次，使用寿命超过1000次充电循环。,"Reverse polarity alarm alerts when there is an improper connection; Connect the clamps to the battery, turn on the switch and start your vehicle. All Metal Powder Coated Clamps",当连接不正确时，反极性报警；将卡箍连接到蓄电池上，打开开关并启动车辆。全金属粉末涂层夹具,"🚗【Smart Powerful Tire Inflator】JA300 digital air pump is manufactured with the unique Turbocharged Movement, which is more powerful, more stable and less noisy. It can provide maximum pressure of 150 PSI and airflow of 35L/Min, supports tire-pressure detection, Preset values stopping and unit switching (BAR/PSI). Only need 5 mins to fully Inflating the 195/65/R15 car tire from 0 to 35 PSI. Professionally calibrated to always about the Digital-display within 1.0% of the pressure of tire.",🚗【智能强力轮胎充气机】JA300数字空气泵采用独特的涡轮增压机芯，动力更强、更稳定、噪音更小。它可以提供150 PSI的最大压力和35L/Min的气流，支持胎压检测、预设值停止和单位切换（BAR/PSI）。仅需5分钟即可将195/65/R15汽车轮胎从0 PSI完全充气至35 PSI。经过专业校准，始终在轮胎压力的1.0%范围内进行数字显示。,"✅【Intelligent 150 PSI Tire Inflation Function】H2500 car battery jump starter Support tire pressure monitoring function, you can read tire pressure when connected to your tire, preset value stop, and 3 units switching (BAR/PSI/KPA). 225/60 R18 car tires inflate fully in just 8 minutes",✅【智能150 PSI轮胎充气功能】H2500车载电池跳电启动器支持胎压监测功能，连接轮胎时可以读取胎压，预设值停止，3个单位切换（BAR/PSI/KPA）。225/60 R18汽车轮胎在8分钟内完全充气,"【Intelligent chip】Featou adopts the latest generation technology of the main control chip.There is no need to identify the positive and negative poles, just use them directly. Only when the positive and negative poles are connected correctly will the device work normally, otherwise the power-off protection will be activated. At the same time, the smart chip will always detect to prevent overheating and overcurrent and protect your safety.",【智能芯片】飞图采用最新一代主控芯片技术。没有必要识别正极和负极，只需直接使用它们即可。只有正负极连接正确，设备才能正常工作，否则断电保护将被激活。同时，智能芯片将始终进行检测，以防止过热和过电流，保护您的安全。,"【Intelligent Digital Tire Inflator】Doorii Q10 digital air pump supports smart preset & auto shut-off without repeated adjustment and check. With the unique intelligent chip, which is more powerful, more stable and less noisy, the tire inflator provides fast and proper inflation to various tires, balls, etc. Friendly design with real-time data reading, detachable extended air hose and 4 optional unit switching for convenience.",【智能数字轮胎充气机】Doorii Q10数字气泵支持智能预设和自动关闭，无需重复调整和检查。轮胎充气机采用独特的智能芯片，功能更强大、更稳定、噪音更小，为各种轮胎、球等提供快速、适当的充气。友好的设计，实时读取数据，可拆卸的延长空气软管和4个可选单元切换，方便使用。,"BM600 is also a portable tire inflator embedded with a powerful 25-cylinder air pump. It provide maximum pressure of 150 PSI and airflow of 45L/Min! Only need 3 mins to fully inflate a car tire (0-36PSI) or 1 min to refill car tire in daily situation (25-36PSI). (Testing data base on a flat standard tire 185/65/R15) It can be used for Car, Bicycle, Motorcycle, Basketball, Pool Toys using. DOES NOT SUPPORT heavy duty truck tires.",BM600也是一款便携式轮胎充气机，内置强大的25缸空气泵。它提供150磅/平方英寸的最大压力和45升/分钟的气流！只需要3分钟就可以给汽车轮胎完全充气（0-36PSI），或者在日常情况下只需要1分钟就可以为汽车轮胎充气（25-36PSI）。（基于185/65/R15爆胎标准轮胎的测试数据库）它可用于汽车、自行车、摩托车、篮球、台球玩具。不支持重型卡车轮胎。,"【2000A Jump Start Battery Pack】The 16,000mAh jump starter is equipped with a peak current of 2000A, enabling it to start 12V vehicles (8.0L gasoline/6.0L diesel engine, including hybrid power) in just 3 seconds. Even in low temperatures (-4°F to 140°F), it exhibits superior starting performance with just 80% battery capacity. This portable jump starter can initiate the vehicle up to 50 times and boasts a service life of over 1000 charge cycles.",【2000A跨接启动电池组】16000mAh的跨接启动机配备了2000A的峰值电流，使其能够在3秒内启动12V车辆（8.0升汽油/6.0升柴油发动机，包括混合动力）。即使在低温（-4°F至140°F）下，它也表现出卓越的启动性能，电池容量仅为80%。这种便携式启动装置最多可启动车辆50次，使用寿命超过1000次充电循环。,"HIGH POWER BOOSTER: The car battery charger with a 4000A peak current, can start the 12V vehicles up to 10L Gas or 8.5L Diesel engines. The powerful battery booster works even in extreme temperatures. Suitable for car, truck, motorcycle, boat, RV or tractor and so on.",大功率充电器：峰值电流为4000A的汽车电池充电器，可启动12V车辆，最高10升汽油或8.5升柴油发动机。强大的电池增压器即使在极端温度下也能工作。适用于汽车、卡车、摩托车、船、房车或拖拉机等。,"BUILT-IN INTELLIGENT 150PSI AIR COMPRESSOR - Smart presets and automatic shut-off eliminate the need for repetitive adjustments and checks. The car jump starter comes with a wireless 150 PSI car inflator design, ensuring rapid and appropriate inflation for various tires, kayaks, balls, and more. This car jumper battery pack features a user-friendly design with a coiled air hose, a quiet cooling system, and a one-touch pressure adjustment unit.",内置智能150PSI空气压缩机-智能预设和自动关闭消除了重复调整和检查的需要。汽车跳跃启动器配有无线150 PSI汽车充气机设计，确保各种轮胎、皮划艇、球等快速适当充气。这款汽车跳线电池组采用用户友好的设计，配有螺旋空气软管、安静的冷却系统和一键式压力调节单元。,"[ START DEAD BATTERIES IN 1S ] Rated at 4000 amps, this jump starter can revive your vehicle's battery in seconds, even from a complete drain. It supports over 4000 recharge cycles and boasts a standby time of up to 24 months on a single charge. Designed to perform in extreme temperatures from -4°F to +140°F, it's a reliable companion for any situation.",[在1秒内启动死电池]额定电流为4000安培，即使完全耗尽电量，这款跨接起动机也能在几秒钟内使车辆的电池恢复活力。它支持4000多次充电循环，一次充电的待机时间长达24个月。设计用于在-4°F至+140°F的极端温度下运行，是任何情况下的可靠伴侣。,"Powerful Car Battery Jump Starter - Scatach Q12 Car Jump Starter with 4000A peak current can jump starts 12V cars, SUV, truck or van (up to 10.0L gas or 8.0L diesel engine) in seconds up to 70 times. Suitable for cars, SUV, truck, motorcycles, etc.",强大的汽车电池跨接起动机-峰值电流为4000A的Scatach Q12汽车跨接起动机可以在几秒钟内跨接启动12V汽车、SUV、卡车或面包车（最高10.0升汽油或8.0升柴油发动机），最多70次。适用于轿车、SUV、卡车、摩托车等。
5,"安全：
1.10种保护设置（过充电、过电流、短路、反极性、低温、高温、过电压、过载、防火花、反向充电）
2.不伤汽车电瓶
3.智能夹子夹错电极无火花
4.夏天放车里不易着火爆炸",【优秀的质量保证你的安全】启动和充气一体机具有10种保护设置（过充电、过电流、短路、反极性、低温、高温、过电压、过载、防火花、反向充电）；启动和充气一体机拥有预计10年的寿命，电芯超过3000次循环，适用温度区间：-4~140℉。蜂窝式散热设计。ABS外壳，使产品更见坚固结实。冬天不易亏电。是长期稳定的使用甚至紧急时刻使用的汽车必备产品。,【不可或缺的帮手和多功能工具】不仅仅是一个跳跃助推器，它还是一个具有恒定/闪光/SOS、3种专业照明模式的高亮度手电筒。作为汽车电池组跳线启动器的一个附加功能，它适用于户外活动或任何紧急情况，无论是室内还是室外。它也可作为充电宝使用，具有快速充电功能，适用于手机、平板电脑等设备，输出端口为USB a 5V/2.4A、USB C 5V/3A、9V/2A、12V/1.5A。,"➤【 ESCORT YOUR SAFETY 】Thanks to the subversive innovation of honeycomb thermal design, the start-up temperature of battery jumper starter portable is reduced by 30% to balance. Extended heavy-duty jumper cables to reach varied battery terminals, built-in 10 intelligent safety protections, auto detect connection, real-time visible alarms, the car battery charger jump starter portable is 100% safe, no sparks.",➤【保障您的安全】得益于蜂窝式散热设计的颠覆性创新，便携式电池跳线启动器的启动温度降低了30%以达到平衡。延长的重型跨接电缆可连接到各种电池端子，内置10个智能安全保护装置，自动检测连接，实时可见警报，车载电池充电器便携式跳启动器100%安全，无火花。,"5.1-INCH LARGE INTELLIGENT DISPLAY: A user-friendly 5.1-inch smart screen provides you with important data such as battery level, inflator mode and real-time tire pressure, making it easier and clearer to use the product.",5.1英寸大型智能显示屏：用户友好的5.1英寸智能显示屏为您提供电池电量、充气机模式和实时胎压等重要数据，使您更轻松、更清晰地使用产品。,"【BAD WEATHER, NO WORRIES】 Conventional products' starting ability decreases rapidly as the temperature drops, with a gradual loss of function at -20°C (-4°F). Gillaway jump starter utilizes QDSP technology to ensure a strong startup at -20°C (-4°F). The 4000A jump starter battery pack can also restart a 12V unpowered vehicle (9.0L gasoline/7.0L diesel) in seconds, supporting over 10,000+ charge cycles.",【恶劣天气，无需担心】传统产品的启动能力随着温度的下降而迅速下降，在-20°C（-4°F）时功能逐渐丧失。Gillaway跳跃启动器采用QDSP技术，确保在-20°C（-4°F）条件下强劲启动。4000A跨接起动机电池组还可以在几秒钟内重新启动12V无动力车辆（9.0升汽油/7.0升柴油），支持超过10000次充电循环。,15W USB-A and 25W PD power to charge devices on the go,15W USB-A和25W PD电源为移动设备充电,"➤【10 Advanced Safety Protections】High quality fireproof material on the surface, heavy-duty alligator clamp,make sure the great quality and safety.Our jump cable upgrades from 8 to built-in 10 intelligent safety protections to ensure your safety to the maximum including spark proof,over charge, reverse charger,short circuit,over current,temperature protection etc.Expect for the 10 protections,you can know well of probable problems with jump cable screen to decrease the fail of starting and increase the joy of success.",➤【10高级安全防护】表面采用优质防火材料，重型鳄鱼夹，确保卓越的质量和安全。我们的跳线从8个升级到内置的10个智能安全保护，最大限度地确保您的安全，包括防火花、过充电、反向充电、短路、过电流、温度保护等。除了这10个保护，您可以很好地了解跳线屏可能出现的问题，以减少启动失败，增加成功的喜悦。,"【Digital Cordless Air Compressor】The jump box for car battery with air compressor has a built-in LCD digital meter. Most importantly, the X1 is equipped with a tire pressure detection function. You can preset the value( PSI, BAR, KPA) you want and it will automatically shut off when the pressure is reached. The 150 PSI air compressor takes about 3 minutes to inflate an average car tire to 20 PSI and is suitable for bikes, cars, balls, and other Inflatables.",【数字无绳空气压缩机】带空气压缩机的汽车电池接线盒内置液晶数字仪表。最重要的是，X1配备了胎压检测功能。您可以预设所需的值（PSI、BAR、KPA），当达到压力时，它将自动关闭。150磅/平方英寸的空气压缩机需要大约3分钟才能将普通汽车轮胎充气至20磅/平方英尺，适用于自行车、汽车、球和其他充气设备。,Features a 120 PSI air compressor to help inflate tires with low pressure; High-powered LED light rotates 270 degrees to help you work in the dark,具有120磅/平方英寸的空气压缩机，有助于用低压给轮胎充气；高功率LED灯可旋转270度，帮助您在黑暗中工作,"🚗【Multi-Protection & UL Listed】Jump starter can detect itself voltage in real time and alarm for abnormal conditions. Built-in Latest BMS power management system, provides short-circuit protection, over-curent protection, reverse connection protection, over-heat protection, over-charging protection and clip falling off protection. UL-2743 listed, make the ultimate protection for you and your car safety.",🚗【多重保护和UL认证】跨接起动器可以实时检测自身电压，并对异常情况进行报警。内置最新BMS电源管理系统，提供短路保护、过电流保护、反向连接保护、过热保护、过充电保护和夹子脱落保护。UL-2743列出，为您和您的汽车安全提供终极保护。,"✅【Powerful Car Jump Starter】This jump box can be used as a mobile power bank (Input: 5V/2A 9V/2A Type-C, Output: 5V/3A, 9V/2A, 12V/1.5A USB ) LED flashlight with 3 modes( flashlight, SOS, strobe). to help you in the dark or emergencies.",✅【强大的汽车跳线启动器】这款跳线盒可以用作移动充电宝（输入：5V/2A 9V/2A Type-C，输出：5V/3A，9V/2A，12V/1.5A USB）LED手电筒，具有3种模式（手电筒、SOS、闪光灯）。在黑暗或紧急情况下帮助你。,"【LED Smart Air Inflator 】 The LED screen sets recommended air pressure values in different scenarios, including common cars, motorcycles, bicycles, basketballs, etc. Of course, you can also adjust the size according to your needs to accommodate more products that need to be inflated. The maximum pressure value of the product can reach 150 PSI, which can meet most needs in life scenarios.",【LED智能充气机】LED屏幕设置了不同场景下的推荐气压值，包括常见的汽车、摩托车、自行车、篮球等。当然，您也可以根据自己的需求调整尺寸，以容纳更多需要充气的产品。该产品的最大压力值可以达到150 PSI，可以满足生活场景中的大多数需求。,"【Large Smart Screen】Unlike traditional jump starters that only have analog indicators, the Q10 jump starter for car battery boasts a large and intelligent smart screen. This display provides you with important data such as battery level, inflator mode and real-time tire pressure, making it more easier and clearer to use the product.",【大智能屏】与传统的只有模拟指示灯的起动机不同，Q10车载电池起动机拥有一个大而智能的智能屏幕。该显示屏为您提供电池电量、充气机模式和实时胎压等重要数据，使您更容易、更清晰地使用产品。,Massive Power bank has 2 smart USB outports can charge your mobile phone and tablet quickly and safely at the same time. (Type C full recharged within 4.5 hours) Plus a 12 volt 10 amps port for powering any 12V DC devices.,Massive Power bank有2个智能USB端口，可以同时快速安全地为手机和平板电脑充电。（C型在4.5小时内完全充电）加上一个12伏10安培的端口，可为任何12伏直流设备供电。,"【Cordless Inflator with LED Display】The portable car battery charger jump starter with tire inflator, delivers a max pressure of 150 PSI. It monitors tire pressure in real-time with an accuracy within ±1 psi and auto shuts off when the preset value is reached, effectively inflating 4 tires from 0 PSI to 36 PSI. Including an extended air hose with three air inflation needles for inflating tires, bicycles, air beds, and sports balls. Additionally, the LED display ensures visibility in the dark.",[带LED显示屏的无绳充气机]带轮胎充气机的便携式汽车电池充电器跳跃式启动器，可提供150 PSI的最大压力。它实时监测轮胎压力，精度在±1 psi以内，当达到预设值时自动关闭，有效地将4个轮胎从0 psi充气到36 psi。包括一根带三个充气针的加长空气软管，用于给轮胎、自行车、气垫床和运动球充气。此外，LED显示屏可确保黑暗中的可视性。,"INFLATION FUNCTION: The car battery jump starter is equipped with tire inflation and 3 types nozzles, supporting 3 optional units (PSI, BAR, KPA), which can inflate various tires and balls. In addition, there are smart screen and tire pressure detection function.",充气功能：汽车电池跳跃式起动机配有轮胎充气和3种喷嘴，支持3个可选单元（PSI、BAR、KPA），可为各种轮胎和球充气。此外，还有智能屏和胎压检测功能。,"FORCE START FUNCTION - Our portable car jump starter's clamps are equipped with a force start button design. If the vehicle is unable to start, hold down the force button for 3 seconds until the green light illuminates before starting the car.",强制启动功能-我们的便携式汽车跳跃启动器的夹具配备了强制启动按钮设计。如果车辆无法启动，请按住强制按钮3秒钟，直到绿灯亮起，然后再启动车辆。,"[ SMART AUTOMATIC TIRE INFLATOR ] Our jump starter with air compressor swiftly inflates car tires from 29 to 36 PSI in just 56 seconds, 2X faster than standard models., featuring ±1 PSI measurement accuracy for safe inflation. Select your desired pressure easily with 4 preset modes, and the compressor automatically shuts off when the job is done.",[SMART AUTOMATIC TIRE INFLATOR]我们的带空气压缩机的跳跃式起动机仅需56秒即可将汽车轮胎从29 PSI快速充气至36 PSI，比标准型号快两倍。，具有±1 PSI的测量精度，可实现安全充气。使用4种预设模式轻松选择所需压力，工作完成后压缩机自动关闭。,"Portabl Jump Starter Battery Pack - The Q12 battery jump starter is structurally optimized in terms of appearance and internal structure (Size: 9.4""*5.1""*4.6"", Weight: 3.1 lbs), making it lighter and more portable than other traditional jump starters while maintaining functionality.",便携式启动机电池组-Q12电池启动机在外观和内部结构方面进行了结构优化（尺寸：9.4英寸*5.1英寸*4.6英寸，重量：3.1磅），使其比其他传统启动机更轻、更便携，同时保持功能。
6,"小功能：
1.LED灯，亮度，照明时间，照明方式，亮度挡位
2.充电宝，自充，自充时间，输出功率，输出口，输出次数，兼容设备","【不可或缺的帮手和多功能工具】启动和充气一体机拥有规整的方形造型，不占汽车收纳空间，可以随意摆放到汽车的任意位置。体积：8.7*3.5*1.7 Inch,重量：1.5 pound,携带轻松。便捷的适用操作，不管是启动汽车还是轮胎充气都只需4步操作。不仅仅是启动和充气一体机，还拥有LED等和作为充电宝功能。LED灯，有300流明高亮度，最长照明时间为30小时，拥有3种照明方式，常亮，闪光，SOS，适用于紧急照明和救援。作为充电宝（12000mAh），有1个USB-A输出口，适用于各种小型数码产品充电,类似充电宝。",【安全至关重要】带内置BMS电池管理系统的跨接启动盒，可实时检测自身电压。还内置了短路、过电流、过温、过充、过电压、欠电压等安全技术保护，为您和您的汽车带来终极安全。,"➤【 ALL-IN-ONE JUMP STARTER 】Say goodbye to old bulky jump start battery pack! YA70 is more lightweight and portable, integrates 6 practical functions to meet all your needs, including car emergency start, air compressor, 300-lumen lighting lasting 48h, SOS warning, dual USB ports for charging mobile devices, and 12V～16.8V 10A DC out with DC cigarette lighter adapter to power 12V vehicle-mounted devices",➤[一体式跳跃式起动机]告别旧的笨重的跳跃式起动电池组！YA70更加轻便便携，集成了6种实用功能，可满足您的所有需求，包括汽车紧急启动、空气压缩机、持续48小时的300流明照明、SOS报警、用于为移动设备充电的双USB端口，以及12V～16.8V 10A DC输出和DC点烟器适配器，为12V车载设备供电,"MULTIPLE PROTECTION：The upgraded smart chip of the X7 jump starter battery pack makes it easy and fast to start the car in extreme environments (-4°F to 140°F), with 10 built-in safety protection technologies(over-charge, over-current, short-circuit, reverse-polarity, low-temp, high-temp, over-voltage, over-load, spark-proof, reverse-charge).",多重保护：X7跳跃式起动机电池组的升级智能芯片使汽车在极端环境（-4°F至140°F）下轻松快速地启动，内置10种安全保护技术（过充电、过电流、短路、反极性、低温、高温、过电压、过载、防火花、反向充电）。,"【MULTI-PROTECTION, SAFETY AND SECURITY】Q11 Jump Starter with 10 built-in safety protection technologies (reverse polarity, anti-spark, short circuit, overcharge, overcurrent, low temperature, high temperature, overvoltage, overload, reverse charge).",【多重保护，安全和安保】Q11跳跃式起动器，内置10种安全保护技术（反极性、防火花、短路、过充电、过电流、低温、高温、过电压、过载、反向充电）。,Built-in AC charging cube--just plug in your own extension cord (not included) to charge,内置交流充电立方体——只需插入您自己的延长线（不包括在内）即可充电,➤【An Indispensable Helper and a Versatile Tool】The high lumen flashlight is comparable to a professional multi-function flashlight with light/strobe/SOS 3 lighting modes.As an additional feature of your car battery jump starter is great for outdoor activities or any emergency.We add an intimate light on another side to light you up when pumping.,➤【不可或缺的帮手和多功能工具】高流明手电筒可与具有灯光/闪光灯/SOS 3照明模式的专业多功能手电筒相媲美。作为汽车的一个附加功能，电池启动装置非常适合户外活动或任何紧急情况。我们在另一侧添加了一盏亲密的灯，在抽水时照亮你。,"【Upgraded Thermal Design】Jump box and air compressor unique honeycomb heat dissipation design enables the X1 jump starter to obtain more powerful heat dissipation performance, so the safety performance of the X1 car jump starter is Enhanced by 30%, and its service life is promoted by 50%.",【升级散热设计】跳箱和空压机独特的蜂窝散热设计，使X1跳车起动机获得更强大的散热性能，使X1汽车跳车起动机的安全性能提高了30%，使用寿命提高了50%。,Built-in 12V DC outlet and USB port provide portable power for electronic devices; Includes a limited 1 year manufacturer warranty,内置12V直流电源插座和USB端口，为电子设备提供便携式电源；包括有限的1年制造商保修,"🚗【4-IN-1 Multi-Function】Not only a car battery booster, a Tire Pumper, but also a portable power bank, a LED flashlight. Support fast charging/USB 3.0, adapt smart phones, tablets and other USB devices. Input:5V/3A and 9V/2A, Output:5V/3A and 9V/2A. The integrated 300-lumen LED flashlight has 3 lighting modes, constant lighting, flash and SOS.",🚗【4-IN-1多功能】不仅是汽车电池增压器、轮胎泵，还有便携式充电宝、LED手电筒。支持快速充电/USB 3.0，适配智能手机、平板电脑等USB设备。输入：5V/3A和9V/2A，输出：5V/3A/9V/2A。集成300流明LED手电筒有三种照明模式，持续照明、闪光灯和SOS。,"✅【LCD Display】LCD screen provides important data such as battery level, inflator mode, and real-time tire pressure, making it easier and clearer to use the product. When you have drained batteries on a road trip, you don't have to guess by the indicators anxiously or wait hours for AAA/someone for help on desolated interstates.",✅【液晶显示屏】液晶显示屏提供电池电量、充气机模式、实时胎压等重要数据，使产品使用更轻松、更清晰。当你在公路旅行中耗尽了电池时，你不必焦急地根据指示灯猜测，也不必在荒凉的州际公路上等待数小时等待AAA/某人的帮助。,"【Flashlight And Power Bank】In addition to being a car jump starter, it is also a portable power bank. It supports QC 3.0 fast charging technology, with a maximum Type C output of 18w. It can quickly charge your devices outdoors. It also has a flashlight function, equipped with 350 lumen LED Light, and supports three modes:Lighting、SOS、Strobe.",【手电筒和充电宝】它除了是一个汽车跳跃启动器，还是一个便携式充电宝。它支持QC 3.0快速充电技术，C型最大输出功率为18w。它可以在户外为您的设备快速充电。它还具有手电筒功能，配备350流明LED灯，支持三种模式：照明、SOS、频闪。,"【More than a Jump Box】 The high-brightness LED flashlight provides 400 lumens of light, making it easier to start your car at night. With 3 modes including constant light, strobe, and SOS, it is perfect for camping, outdoor activities, indoor use, emergencies, travel, and more. It is also a portable power bank. Through the USB port, you can charge your USB devices and the jump box supports 48 hours of high-brightness lighting.",【不仅仅是一个跳跃盒】高亮度LED手电筒提供400流明的光线，使您的汽车在晚上更容易启动。它有三种模式，包括常亮、频闪和SOS，非常适合露营、户外活动、室内使用、紧急情况、旅行等。它也是一个便携式充电宝。通过USB端口，您可以为USB设备充电，跳线盒支持48小时的高亮度照明。,"Patented jump starter with heavy-duty clamps of better conductivity and tension, ergonomic grips, bolder cables, and timely beep indicator, automatically runs ≥8 protections to fully protect you and batteries from any improper operations.",获得专利的跨接起动器具有更好的导电性和张力的重型夹具、符合人体工程学的夹具、更大胆的电缆和及时的蜂鸣声指示器，可自动运行≥8个保护，以充分保护您和电池免受任何不当操作的影响。,"【Built-In Intelligent Chip】The UIBI Smart chip offers short-circuit protection, overheating protection, reverse polarity protection, overload protection, overcharge protection, and spark protection. Automatic connection detection remind you incorrect operations and sparks. The heat dissipation design enhances the strength of the jump starter, resulting in a 30% increase in the performance of the car starter. Additionally, the product holds a UL-2743 certification for added assurance.",【内置智能芯片】UIBI智能芯片提供短路保护、过热保护、反极性保护、过载保护、过充电保护和火花保护。自动连接检测提醒您错误的操作和火花。散热设计增强了跳跃式起动机的强度，使汽车起动机的性能提高了30%。此外，该产品还拥有UL-2743认证，以增加保证。,"EMERGENCY LED LIGHT: The jump starter battery pack features 3 LED light modes. First of all, it can be used as a flashlight, which is very bright and lasts long time. Secondly, when you need rescue for survival, turn on SOS and strobe mode. Ideal for camping and long drives.",应急LED灯：跨接起动机电池组具有3种LED灯模式。首先，它可以用作手电筒，非常明亮，使用时间长。其次，当你需要救援才能生存时，打开SOS和闪光灯模式。非常适合露营和长途驾驶。,"600 LUMENS EMERGENCY LIGHT AND LCD SCREEN - The car battery charger jump starter portable, equipped with the latest LED camping light, provides a significantly brighter illumination (over 400% brighter) compared to other lights. The LCD screen provides real-time readings of the internal battery status and tire pressure of the car emergency starter.",600 LUMENS应急灯和LCD屏幕-车载电池充电器的便携式跳跃启动器配备了最新的LED露营灯，与其他灯相比，提供了明显更亮的照明（亮度超过400%）。液晶显示屏提供汽车紧急启动器内部电池状态和轮胎压力的实时读数。,"[ ULTRA SAFE - ALL-ALUMINUM SHELL ] The jump starter with air compressor features a high-density aluminum alloy shell that ensures zero melting, providing superior heat dissipation during battery jump-starts. This reduces startup temperature by 45% for optimal performance. With 10 intelligent safety features, our portable car jump starter guarantees 100% safety without any sparks.",[超级安全-全铝外壳]带空气压缩机的跳跃式启动器采用高密度铝合金外壳，确保零熔化，在电池跳跃式启动过程中提供卓越的散热效果。这将启动温度降低45%，以获得最佳性能。我们的便携式汽车起动机具有10项智能安全功能，确保100%的安全性，不会产生任何火花。,"Multi-Function Battery Jumper Pack - Beyond jump-starting, meanwhile you can also use it as a flashlight(flashlight/strobe/SOS modes), it's perfect for nighttime emergencies or outdoor adventures. Additionally, it comes with 2 USB Outputs (9V/2A and 5V/2.1A), USB2 is the quick charge QC3.0 can charge your cellphones, tablets, and other mobile devices at the fastest speed. Widespread application increases its practicality and value.",多功能电池跳线包-除了跳线启动之外，您还可以将其用作手电筒（手电筒/闪光灯/SOS模式），非常适合夜间紧急情况或户外探险。此外，它还配有2个USB输出（9V/2A和5V/2.1A），USB2是快速充电QC3.0，可以以最快的速度为手机、平板电脑和其他移动设备充电。广泛的应用增加了它的实用性和价值。
7,"注意事项：
1.启动电源给汽车启动的时候，一旦启动成功，就要立即把启动电源取消与汽车电瓶的链接
2.请勿连续使用气泵功能。当轮胎电池压缩机非常热时，请先冷却几分钟，然后再继续给轮胎充气。","注意事项：
1.启动电源给汽车启动的时候，一旦启动成功，就要立即把启动电源取消与汽车电瓶的链接
2.请勿连续使用气泵功能。当轮胎电池压缩机非常热时，请先冷却几分钟，然后再继续给轮胎充气。
你得到什么】MD01二合一跳跃式起动机和轮胎充气机*1；智能跳线*1；充气管*1；USB C充电线*1根；喷嘴适配器*4；储物袋*1；用户手册*1。",【客户服务】Q12支持2年的产品质量保证、10年的使用寿命和7 x 24小时的客户服务。如有任何关于我们的起动机电池组的问题，请随时与我们联系。,"➤【 WHAT YOU GET & WARRANTY 】YabeAuto YA70 jump pack (1* jump starter with air compressor, 1* smart jumper cables, 1* air pump hose, 3* gas nozzles, 1* USB-C charging cable, 1* DC cigarette lighter adapter, 1* user manual, 1* portable EVA carrying case. We offer 2-YEAR FREE Warranty, Lifetime Technical Support, and 7/24 Customer Service",➤【您所得到的和保修】YabeAuto YA70跳线包（1*带空气压缩机的跳线、1*智能跳线、1*空气泵软管、3*气体喷嘴、1*USB-C充电电缆、1*直流点烟器适配器、1*用户手册、1*便携式EVA手提箱。我们提供2年免费保修、终身技术支持和全天候客户服务,"UPGRADED THERMAL DESIGN：The unique honeycomb heat dissipation design enables the X7 car battery booster to obtain more powerful heat dissipation performance, so the safety performance of the X7 car starter is Enhanced by 30%, and its service life is promoted by 50%.",升级的热设计：独特的蜂窝散热设计使X7汽车电池助力器获得更强大的散热性能，因此X7汽车起动机的安全性能提高了30%，使用寿命提高了50%。,"【MULTIFUNCTIONAL JUMP STARTER】The Q11 jump starter box also features a battery, tire inflator, and LED flashlight. The 500 lumen LED light supports three lighting modes: continuous illumination (white), strobe and SOS. In addition, bidirectional Type-c fast charging for quick response to your needs.",【多功能跳跃启动器】Q11跳跃启动器盒还配有电池、轮胎充气机和LED手电筒。500流明LED灯支持三种照明模式：连续照明（白色）、闪光灯和SOS。此外，双向Type-c快速充电可快速响应您的需求。,Reverse polarity protection to assure that jumper cables are connected correctly,反极性保护，确保跨接电缆正确连接,"➤【 Car jump starter with compressor 】Cordless powerful air compressor with 4 preset modes inflate cars, motorcycles, bikes and balls, and automatically stops when it reaches the preset value, making it easy for beginners to use. The car jump starter with compressor provides 35 L/min(150 PSI)of airflow with 4 different given nozzles for inflating.Large LED digital display screen shows preset values and real-time pressure, making it easy to read and observe tire pressure status in real time.",➤【带压缩机的汽车跳跃启动器】无绳强力空气压缩机，具有4种预设模式，为汽车、摩托车、自行车和球体充气，达到预设值时自动停止，初学者易于使用。带压缩机的汽车起动机提供35升/分钟（150磅/平方英寸）的气流，带有4个不同的充气喷嘴。大型LED数字显示屏显示预设值和实时压力，便于实时读取和观察胎压状态。,"【Safety Is The First Priority】The unique design of the X1 car battery booster makes it easy and fast to start your car in extreme environments (-4°F to 140°F), with built-in 10 safety protection technologies (over-charge, over-current, short-circuit, reverse-polarity, low-temp, high-temp, over-voltage, over-load, spark-proof, reverse-charge). VTOMAN jump starter with air compressor provides you with safety Ultimate protection.",【安全第一】X1汽车电池增压器的独特设计使您的汽车在极端环境（-4°F至140°F）下轻松快速地启动，内置10种安全保护技术（过充电、过电流、短路、反极性、低温、高温、过电压、过载、防火花、反向充电）。VTOMAN带空气压缩机的跳跃式起动机为您提供安全的终极保护。,ump starter should be charged every 30 days when not in use; Charges using a standard household extension cord (sold separately),ump启动器不使用时应每30天充电一次；使用标准家用延长线充电（单独出售）,"🚗【12 Months Warranty】Our Brand Lokithor is specialized in vehicle emergency Starter with 12 months warranty. Package Including: Jump starter clamps x1, Inflatable hose x1, Nozzle adapters x4, USB-C cable x1, Accessories Storage bag x1, Manual x1.",🚗【12个月保修】我们的品牌Lokithor专门生产汽车应急起动机，保修期为12个月。包装包括：起动机夹具x1，充气软管x1，喷嘴适配器x4，USB-C电缆x1，配件储物袋x1，手册x1。,"✅【Multiple Protection】The upgraded smart chip of the H2500 jump starter battery pack with 10 built-in safety protection technologies (over-charge, over-current, short-circuit, reverse-polarity, low-temp, high-temp, over-voltage, over-load, spark-proof, reverse-charge).and advanced intelligent clamps protecting you and your vehicle.",✅【多重保护】升级版H2500跨接启动电池组智能芯片，内置10种安全保护技术（过充、过流、短路、反极性、低温、高温、过电压、过载、防火花、反充电）。先进的智能卡箍保护您和您的车辆。,"【Convenient and portable】 The jump starter adopts an armor appearance to make it more sturdy. It comes with an ABS nylon rope for easy carrying and portability. The whole machine also comes with a premium case for easy storage when not in use. Whether it is used at home or traveling, it is more convenient to store and carry.",【方便便携】跳跃启动器采用了装甲外观，使其更加坚固。它配有ABS尼龙绳，便于携带和携带。整机还配有一个高级机箱，在不使用时便于存放。无论是在家里使用还是在旅行中使用，储存和携带都更加方便。,"【Intelligent Safety Protection】The upgraded smart chip of the Q10 jump starter battery pack makes it easy and fast to start the car in extreme environments (-4°F to 140°F), with 10 built-in safety protection technologies(over-charge, over-current, short-circuit, reverse-polarity, low-temp, high-temp, over-voltage, over-load, spark-proof, reverse-charge).",【智能安全保护】Q10跳跃式起动机电池组升级后的智能芯片，使汽车在极端环境（-4°F至140°F）下轻松快速地启动，内置10种安全保护技术（过充电、过电流、短路、反极性、低温、高温、过电压、过载、防火花、反向充电）。,"160W max DC dual outs can power other 12V devices like car vacuum cleaner, car refrigerator and more.400 Lumen Emergency LED Light - Features an Ultra-Bright LED light, a lifesaver in case of an emergency, and outdoor adventures.",最大160W直流双输出可以为其他12V设备供电，如汽车吸尘器、汽车冰箱等。400流明应急LED灯-具有超亮LED灯，在紧急情况下是救命稻草，以及户外探险。,"【Reliable Warranty and Lifetime Service Support】The UIBI portable car battery jump starter package includes 1× Jump Starter with Air Pump, 1× Heavy-Duty Smart Clamp, 1× Type-C Charging Cable (wall charger not included), 3× Versatile Air Nozzles, 1× Instruction Manual, 1× EVA Storage Bag, and comes with a 12-month warranty. If you require any assistance, please feel free to contact us.",【可靠的保修和终身服务支持】UIBI便携式汽车电池跨接启动器包包括1×带气泵的跨接启动器、1×重型智能卡夹、1×C型充电电缆（不包括壁式充电器）、3×多功能空气喷嘴、1×使用手册、1×EVA储物袋，并提供12个月的保修。如果您需要任何帮助，请随时与我们联系。,"PROTABLE POWER BANK: The car battery starter capacity is very large and can charge for phone, laptop, camera and all USB digital devices. Apart from that, charging is very fast and it is very convenient to use, just long press the power button and plug in the USB data cable.",可供选择的充电宝：汽车电池启动器容量非常大，可以为手机、笔记本电脑、相机和所有USB数字设备充电。除此之外，充电非常快，使用非常方便，只需长按电源按钮并插入USB数据线即可。,"PORTABLE AND EASY TO USE - This battery jumper starter portable, comes with a high-quality carrying case, making it easy to carry with you and store in your car, perfect for long-distance travel. It helps you overcome situations where you're stranded due to a dead battery, stormy weather, or cold winter conditions.",便携易用-这款电池跳线启动器便携，配有高质量的手提箱，便于随身携带和存放在车内，非常适合长途旅行。它可以帮助你克服因电池电量不足、暴风雨天气或寒冷冬季条件而被困的情况。,"[ INCLUDED & WARRANTY ] Your package includes the ULiXWH K2 Jump Starter with Air Compressor (1), Intelligent Battery Clamps with Starter Cable (1), High-Quality Type-C Charging Cable (1), User-Friendly Manual (1), Air Pump Hose (1), Gas Nozzles (3), and Storage Bag (1). Plus, enjoy peace of mind with our 2-YEAR FREE Warranty, Lifetime Technical Support, and 24/7 Customer Service.",[包含和保修]您的产品包包括带空气压缩机的ULiXWH K2跨接起动机（1）、带起动机电缆的智能电池夹（1），高品质C型充电电缆（1）和用户友好手册（1）；空气泵软管（1）。气体喷嘴（3）和储物袋（1）。此外，我们提供2年免费保修、终身技术支持和全天候客户服务，让您高枕无忧。,"What will you Get ? - Scatach Q12 Car Starter Jumper Power Bank X1, Practical Storage Bag X1, Smart Jump Cable X1, Safety Inflatable Line X1, Air nozzle X3, Usb Type-C Charging Cable X1, User Manual X1. If you need any help, please contact us in time.",你会得到什么？-Scatach Q12汽车起动机跳线充电宝X1，实用储物袋X1，智能跳线X1，安全充气线X1，空气喷嘴X3，Usb Type-C充电线X1，用户手册X1。如果您需要任何帮助，请及时与我们联系。
8,,,,,,"MORE THAN A JUMP STARTER: X7 is not only jump box, power bank, Tire Inflator, LED flashlight, but it also supports 18W Type-c fast charging. The X7 jump pack takes just ten minutes to charge to fully inflate a tire. In addition, the 400-lumen LED light equipped with the X7 battery starter supports 3 lighting modes: constant lighting (white), flash(red) and SOS(red).",不止一个跳跃式启动器：X7不仅是跳电盒、充电宝、轮胎充气机、LED手电筒，而且还支持18W Type-c快速充电。X7跳跃包只需要10分钟的充电时间就可以给轮胎完全充气。此外，配备X7电池启动器的400流明LED灯支持3种照明模式：持续照明（白色）、闪光灯（红色）和SOS（红色）。,"【You will get】1 x Battery Jump Starter with Air Compressor, 1 x Smart Jumper Cable, 1 x USB-A to USB-C Connection Cable, 1 x Carrying Case, 1 x Pump Tube, 3 x Air Nozzles, 1 x User Manual, 24 Months Warranty and Lifetime Technical Support. If you have any after-sales questions about the starter, please feel free to contact us.",【您将获得】1个带空气压缩机的电池跨接启动器、1个智能跳线、1个USB-A到USB-C连接电缆、1个手提箱、1个泵管、3个空气喷嘴、1个用户手册、24个月保修和终身技术支持。如果您对起动机有任何售后问题，请随时与我们联系。,,,"➤【Unique 3.4"" Large Screen】ACEZUK 2-in-1 battery jump starter & air compressor has an oversized 3.4"" digital screen. This portable jump starter can detect and display the operational status, battery level, and possible error in real time, let you know everything of car jumper battery pack at a glance.",➤【独特的3.4英寸大屏幕】ACEZUK二合一电池跳变启动器和空气压缩机有一个超大的3.4英寸数字屏幕。这款便携式跳线启动器可以实时检测和显示汽车跳线电池组的运行状态、电池电量和可能的错误，让您一目了然。,"【Emergency Light & Portable Power Bank】The LED lights of the jump starter with tire inflator include three modes (Normal, Strobe, SOS), which can be used in different emergencies. Battery jump air compressor is also a portable power bank. Through the USB port, you can charge your USB devices and the jump box tire inflator supports 36 hours of high-brightness lighting.",【应急灯和便携式充电宝】带轮胎充气机的跳跃式起动机的LED灯包括三种模式（正常、频闪、SOS），可用于不同的紧急情况。蓄电池跳跃式空气压缩机也是一种便携式充电宝。通过USB端口，您可以为USB设备充电，跳箱轮胎充气机支持36小时的高亮度照明。,Kindly refer to the user manual which live on detail page prior to operating unit and for troubleshooting steps as needed,请参阅操作单元前详细页面上的用户手册，并根据需要了解故障排除步骤,"The Best Gift of 2023 - Designed for Urgency. If you're still agonizing over gift choices, then the JA300 is undoubtedly the best option for birthdays, Valentine's Day, Father's Day, Mother's Day, wedding anniversaries, Christmas, and New Year's gifts.",2023年最佳礼物-专为紧迫感而设计。如果你还在为礼物的选择而苦恼，那么JA300无疑是生日、情人节、父亲节、母亲节、结婚纪念日、圣诞节和新年礼物的最佳选择。,"✅【What You Get】H2500 Jump Starter, Smart Jumper Cables, USB charging Cable (without adapter), Tracheax1, Gas nozzlex3, EVA Storage Case, User Manual",✅【What You Get】H2500 Jump Starter，智能跳线，USB充电线（不带适配器），Tracheax1，加油嘴x3，EVA存储盒，用户手册,,,"【Package List & Warranty】Our Brand is specialized in vehicle emergency Starter with 24 months warranty. Package Including: Jump starter x1, Jump starter clamps x1, USB cable x1, Air hose x1, Nozzle adapters x3, Storage case x1, User manual x1.",【包装清单和保修】我们的品牌专门生产汽车应急起动机，保修期为24个月。包装包括：跳线启动器x1，跳线启动器夹具x1，USB电缆x1，空气软管x1，喷嘴适配器x3，存储箱x1，用户手册x1。,,,"Note: Please avoid continuous usage of the air pump function. If the tire battery compressor becomes excessively hot, allow it to cool down for a few minutes before resuming tire inflation to prevent triggering the high-temperature protection feature. It's important to note that the X5 jump starter does not support charging the car battery.Please perform a full charge and discharge every 3 months to extend the lifespan of the lithium battery.",注意：请避免连续使用空气泵功能。如果轮胎蓄电池压缩机变得过热，请让它冷却几分钟，然后再恢复轮胎充气，以防止触发高温保护功能。需要注意的是，X5跳跃式起动机不支持为汽车电池充电。请每3个月进行一次充满电和放电，以延长锂电池的使用寿命。,"SAFETY PROTECTION: The upgraded jumper cable adds a smart chip, so you don't have to worry about connecting the wrong positive and negative poles of the car battery, or short circuits and sparks. It is very safe and can be connected to any car below 12V.",安全保护：升级后的跳线增加了一个智能芯片，因此您不必担心连接错误的汽车电池正极和负极，或短路和火花。它非常安全，可以连接到任何12V以下的汽车。,,,,,,
9,,,,,,"WHAT YOU GET: 1 X jump starter with air compressor, 1 X smart jumper cable, 1 X USB-A to USB-C cable, 1 X carrying bag, 1 X pump tube, 3 X air nozzle, 1 X user manual, 18 months warranty and lifetime tech support. If you have any after-sales questions about jump starter, please feel free to contact us.",您所得到的：1个带空气压缩机的跳跃式启动器，1个智能跳线，1个USB-A到USB-C电缆，1个手提包，1个泵管，3个空气喷嘴，1个用户手册，18个月保修和终身技术支持。如果您对jump starter有任何售后问题，请随时与我们联系。,"【Note】 Please do not use the air pump function continuously. When the tire battery compressor gets seriously hot, please cool down for a few minutes before continuing to inflate the tire.",【注意】请勿连续使用气泵功能。当轮胎电池压缩机变得非常热时，请先冷却几分钟，然后再继续给轮胎充气。,,,"➤【What you get】ACEZUK jump battery pack (1* jump starter with air compressor, 1* smart jumper cables, 1* air pump hose, 4* gas nozzles, 1* USB-C charging cable,1* user manual, 1* portable EVA carrying case. We offer 2-YEAR FREE Warranty, Lifetime Technical Support, and 7/24 Customer Service",➤【您所得到的】ACEZUK跳跃式电池组（1*带空气压缩机的跳跃式启动器，1*智能跳线，1*气泵软管，4*气体喷嘴，1*USB-C充电电缆，1*用户手册，1*便携式EVA手提箱。我们提供2年免费保修、终身技术支持和全天候客户服务,"【Meaningful Gift Set】1 X jump starter with air compressor, 1 X smart jumper cable, 1 X USB-A to USB-C cable , 1 X carrying bag, 1 X pump tube, 3 X air nozzle, 1 X user manual and 18 months warranty(NOTE: Not Include Charger Adapter). If you have any after-sales questions about jump starter, please feel free to contact us. (Inflation value will have a slight deviation due to environmental factors.)",【有意义的礼品套装】1个带空气压缩机的jump starter、1个智能跳线、1个USB-A到USB-C电缆、1个手提包、1个泵管、3个空气喷嘴、1个用户手册和18个月保修期（注意：不包括充电器适配器）。如果您对起动机有任何售后问题，请随时与我们联系。（由于环境因素，充气值会略有偏差。）,,,,,😀😀😀【Customer Service】HPBS supports 2 years of product quality assurance and 7 x 24h customer service. Please don’t hesitate to contact us with any questions about our jump starter battery pack.,😀😀😀【客户服务】HPBS支持2年的产品质量保证和7 x 24小时的客户服务。如有任何关于我们的起动机电池组的问题，请随时与我们联系。,,,,,,,,,"WHAT YOU WILL GET: You will get 1 X jump starter with air compressor, 1 X smart jumper cable, 1 X type-c cable, 1 X carrying bag, 1 X pump tube, 3 X air nozzle(note：pump tube and air nozzle in the top side storage area of the jump starter), 1 X user manual. If you have any after-sales questions about jump starter, please feel free to contact us.",您将获得：您将获得1个带空气压缩机的起动机、1个智能跳线、1个c型电缆、1个手提包、1个泵管、3个空气喷嘴（注意：泵管和空气喷嘴位于起动机顶部存储区域）、1个用户手册。如果您对jump starter有任何售后问题，请随时与我们联系。,,,,,,
10,,,,,,"Note: Please do not use the air pump function continuously. When the tire battery compressor is seriously hot, please cool down for a few minutes before continuing to inflate the tire.",注意：请勿连续使用气泵功能。当轮胎电池压缩机非常热时，请先冷却几分钟，然后再继续给轮胎充气。,,,,,"➤【Note】 Please do not use the air pump function continuously. When the tire battery compressor gets seriously hot, please cool down for a few minutes before continuing to inflate the tire.Please charge the jumper fully when you first time receive it, though it shows full of power. ➤【Note】It is suggested to start the car when power is greater than 25%.Please recharge the car jump pack every 2-3 month to activate the battery and prolong the lifespan of the portable jump starter.",➤【注意】请勿连续使用气泵功能。当轮胎电池压缩机变得非常热时，请先冷却几分钟，然后再继续给轮胎充气。当您第一次收到跳线时，请将其充满电，尽管它显示已充满电。➤【注意】建议在功率大于25%时启动汽车。请每2-3个月给汽车充电一次，以激活电池并延长便携式起动机的使用寿命。,"Note: Please do not use the air pump function continuously. When the tire battery compressor is seriously hot, please cool down for a few minutes before continuing to inflate the tire. 2.The X1 jump starter can instantly start your 12V vehicles, Does not support charging the car battery.",注意：请勿连续使用气泵功能。当轮胎电池压缩机非常热时，请先冷却几分钟，然后再继续给轮胎充气。2.X1跳电起动机可以立即启动您的12V车辆，不支持为汽车电池充电。,,,,,,,,,,,,,,,,,,,,,,
11,,,,,,"*Note:Type-C is the only input charging port. The DC output port is used to power car products such as car vacuum cleaners, not an iutput port. Please use type-C cable to charge. Improper charging may cause safety issues.",*注：C型是唯一的输入充电端口。直流输出端口用于为汽车吸尘器等汽车产品供电，而不是iutput端口。请使用C型电缆充电。充电不当可能会导致安全问题。,,,,,,,,,,,,,,,,,,,,,,,,,,,,,,
