source_row,"Portable_Car_Jump_Starter_with_Air_Compressor,_YaberAuto_150PSI_3000A_Car_Battery_Jump_Starter_(9.0_Gas/8.0L_Diesel),_12V_Jump_Box_Car_Battery_Jumper_Starter_with_Large_LCD_Display,_Lights"
2,"LOKITHOR JA300 Jump Starter with Air Compressor, 1500Amp 12V Portable Car Battery Booster Pack for Upto 7.0L Gas or 4.5L Diesel, 150 PSI Tire Inflator with Digital Screen, 24 Months Ultra-Long Standby"
3,"VTOMAN X7 Jump Starter with Air Compressor, 4250A Portable Car Jumper with 160PSI Digital Tire Inflator,12V Lithium Battery Charger Booster Box with Type-C Quick Charge (Up 10L Gas/10L Diesel Engine)"
4,"DEWALT DXAEJ14-Type2 Digital Portable Power Station Jump Starter - 1600 Peak Amps with 120 PSI Compressor, AC Charging Cube, 15W USB-A and 25W USB-C Power for Electronic Devices"
5,"Q11 4000A Car Jump Starter with Air Compressor 150PSI, Portable Car Battery Jump Starter Battery Pack (10 L Gas/8.0L Diesel), Car Battery Charger Jump Starter, LED Light, Power Bank, QC 3.0"
6,"VTOMAN X1 Jump Starter with Air Compressor, 2500A Portable Battery Booster(Up to 8.5L Gas/6L Diesel Engines) with 150PSI Digital Auto Tire Inflator, 12V Car Lithium Battery Jump Box Pack Power Charger"
7,"UIBI X5 Car Jump Starter with Air Compressor, 2000A Car Battery Jump Starter with 150PSI Tire Inflator Portable, Battery Jumper Starter, Jump Box for 8.0L Gas or 6.0L Diesel Vehicles."
8,"LOKITHOR JA400 1750A 12V Jump Starter with Air Compressor, 60W Two-Way Fast Charing, Lithium Car Battery Starter with 150PSI Digital Tire Inflator, Booster Pack for 7.5L Gas or 5.5L Diesel Engines"
9,"Featou Jump Starter with Air Compressor, 5 in 1 Function Jump Box 2500A Peak 150PSI Jump Starter Battery Pack with Digital Tire Inflator, car Battery Charger Portable for 8.5L Gas or 7.0L Diesel"
10,"Schumacher Electric SJ1332 6-in-1 Portable Power Station and Jump Starter with 150-PSI Air Compressor and 200 Continuous/400 Peak Watt Power Inverter, 1200 Peak Amps, 12 Volts, Black, 1 unit"
11,"LOKITHOR JA400 1750A 12V Jump Starter with Air Compressor, 60W Two-Way Fast Charing, Lithium Car Battery Starter with 150PSI Digital Tire Inflator, Booster Pack for 7.5L Gas or 5.5L Diesel Engines"
12,"HPBS Jump Starter with Air Compressor - 2500A Portable Car Jump Starter with 150 PSI Tire Inflator for Up to 8.0L Gas and 6.5L Diesel Engines, 12V Jump Starter Box with LCD Display (2500A)"
13,"NEXPOW Car Battery Jump Starter 3000A Peak with Air Compressor,12V 150PSI Portable Jumpstart Box for Up to 8L Gas 8L Diesel Engine, PD18W Quick Charging, Force Start Button"
14,"Kalyoosen Jump Starter with Air Compressor,8000A 160PSI 32000mAh 12V Car Battery,Tire Inflator(All Gas/16L Diesel),Portable Jump Starter Battery Pack,25mm Cylinder,4000 Lumens Emergency LED Light"
15,"Doorii Q10 Car Jump Starter with Air Compressor, 4000A 150PSI Jump Starter Battery Pack (10.0L Gas/8.0L Diesel) Digital Tire Inflator, 12V Car Battery Booster Portable Jump Box with Air Pump"
16,"FLYLINKTECH Car Battery Jump Starter with Air Compressor, 150PSI 5000A 20000mAh Jump Starter Battery Pack(All Gas/10.0L Diesel), Safe Car Jumper Box with Display, 160W DC Out, Emergency Light"
17,"Portable Car Jump Starter with Air Compressor, ACEZUK 150PSI 5000A Jump Starter (All Gas/10.0L Diesel), 12V Car Battery Jump Box Car Battery Jumper Starter with 3.4"" LCD Display, 2 Lights"
18,"MobiBot 4-in-1 Car Battery Jumper Starter Portable with Air Compressor,1500A Compact Jump Starter Box Booster Pack Charger up to 6.0L Gas 3.5L Diesel,150 PSI Cordless Tire Inflator Air Pump with Guage"
19,"Car Jump Starter with Air Compressor, Hemingson 160PSI 3000A Portable Car Battery Jump Starter (9.0L Gas/8.0L Diesel), 12V Car Battery Jump Box Jumper Starter with Oversized LCD Display, Lights"
20,"FlyAuto Car Jump Starter,4000A Battery Jump Starter with Air Compressor,for Up to 10.0L Gas and 8.0L Diesel Engines,12V Lithium Portable Jump Box Car Battery Jumper Start with LED Light&Quick-Charge"
21,"Jump Starter with Air Compressor, Acmount 3000A Car Battery Jump Starter with 150PSI Tire Inflator for Up to 9.0 Gas/8.0L Diesel, 12V Portable Jump Starter Box with LCD Display, Light"
22,"MobiBot 5-in-1 Portable Car Battery Jump Starter with Air Compressor,2000A Jumper Box Booster Charger Pack up to 8.0L Gas 6.0L Diesel,150 PSI Tire Inflator for car,Quick Fill Air Pump for Inflatables"
23,"Q17 Car Jump Starter with Air Compressor,4000A 160 PSI Portable Jump Starter Battery Pack (10.0L Gas/8.0L Diesel), with QC 3.0,Large Display, 3 Modes Flashlight and Jumper Cable Silver"
24,"Q13 4000A Portable Car Jump Starter with Air Compressor 150PSI, Jump Start Battery Pack(10.0L Gas/8.0L Diesel), 12V Jump Box with 3 Modes Flashlight & Jumper Cable, Large LCD Display Power Bank"
25,"Powrun P8 Jump Starter with Air Compressor, 3000A Battery Jumper Starter Portable Jump Box (Up to 7.5L Diesel /9.0L Gas Engines) with 150 PSI Air Pump, 12V Car Jumper Starter with Carry Case"
26,"FlyAuto 6 in 1 Jump Starter for Up to 6.0L Gas or 5.0L Diesel Engine,Upgraded 1800 Peak Amp 12V Auto Battery Car Starter with Air Compressor 260 PSI Tire Inflator,400 Watt Inverter AC/DC/USB Outlets"
27,"ULiXWH Portable Jump Starter with Air Compressor [ 40X-Rate Battery Cells ] 3250A 150PSI Car Jump Starter, Battery Jumper Starter Power Bank for 9.0L Gas and 8.0L Diesel Engines"
28,"E-Ant 2000Amp Car Battery Jump Starter with Solar Portable Power Station, Air Compressor 260PSI Tire Inflator, 12V Jumper Box with Inverter Dual 400W AC DC USB Ports, Battery Pack Car Battery Booster"
29,"Portable Car Jump Starter with Air Compressor, Capapro 150PSI 4000A Fast Battery Jump Starter Charger with Digital Tire Inflator, Pack with Type-C Quick Charge"
30,"Crossfire by OmegaStrap Jump Starter with Air Compressor, 1000 Amp 12V Portable Battery Booster, Jump Pack, with 150 PSI Tire Inflator"
31,Crossfire by OmegaStrap Jump Starter with Air Compressor，1000 Amp 12V便携式电池增压器，带150 PSI轮胎充气装置的跨接组件
32,"VUKARUAL Car Jump Starter with Air Compressor, 3000A UltraSafe Car Battery Booster Pack(8.5L Gas/ 6.0L Diesel) 150PSI Digital Tire Inflator, 12V Protable Jump Box with 4 Modes Flashlight & USB QC 3.0"
33,"Portable Car Jump Starter with Air Compressor, Foursun 4000A Jump Starter Battery Pack (All Gas/8.0L Diesel) 150PSI Digital Tire Inflator, 12V Car Lithium Battery Jump Box Pack Power Charger"
34,"1800 Amp Jump Starter with Air Compressor, acetek Car Battery Jump Starter 260 PSI Tire Inflator, 20000mAh 12V Auto Lead-Acid Battery Booster (Up to 6L Gas or 6L Diesel Engine) with LED Light & USB"
35,"Katoroe Q16 Car Jump Starter with Air Compressor,4000A 160 PSI Portable Jump Starter Battery Pack (10.0L Gas/8.0L Diesel), with QC 3.0,Large Display, 3 Modes Flashlight and Jumper Cable"
36,"Smartsafe Peak 4000A Car Battery Charger with Air Compressor, Jumper Starter Portable, 150PSI Tire Inflator Jump Starter with Large LED Screen, Fast Charging, Lighting, Orange"
37,"6-in-1 Portable Power Station and Jump Starter,2000 Peak Battery Jumper Starter Portable 400W Inverter,Dual AC/DC/USB Output,260 PSI Air Compressor, 12V Jump Box"
39,Q12标题
40,"Portable Car Jump Starter with Air Compressor 3500A MARBERO 12V Portable Car Battery Booster Pack 8.0 Gas/7.0L Diesel 150PSI Digital Tire Inflator Jump Box with Digital Screen, Flashlights, Power Bank"
42,MD01标题
43,"Portable Car Jump Starter with Air Compressor 4000A 12V MARBERO Portable Car Battery Booster Pack 8.0 Gas/7.0L Diesel 150PSI Digital Tire Inflator Jump Box with Digital Screen, Flashlights, Power Bank"
